geneID,ChartID,Annotation
gene_0,Chart-1,property_0
gene_0,Chart-1,property_435
gene_0,Chart-1,property_90
gene_0,Chart-1,property_3
gene_1,Chart-1,property_398
gene_1,Chart-1,property_242
gene_2,Chart-1,property_190
gene_2,Chart-1,property_423
gene_2,Chart-1,property_431
gene_2,Chart-1,property_398
gene_2,Chart-1,property_432
gene_2,Chart-1,property_149
gene_2,Chart-1,property_78
gene_2,Chart-1,property_433
gene_2,Chart-1,property_54
gene_2,Chart-1,property_434
gene_2,Chart-1,property_414
gene_2,Chart-1,property_435
gene_3,Chart-1,property_18
gene_3,Chart-1,property_423
gene_3,Chart-1,property_20
gene_3,Chart-1,property_21
gene_3,Chart-1,property_37
gene_3,Chart-1,property_434
gene_3,Chart-1,property_435
gene_3,Chart-1,property_282
gene_4,Chart-1,property_431
gene_4,Chart-1,property_398
gene_4,Chart-1,property_432
gene_4,Chart-1,property_433
gene_4,Chart-1,property_54
gene_4,Chart-1,property_434
gene_4,Chart-1,property_414
gene_4,Chart-1,property_435
gene_5,Chart-1,property_34
gene_5,Chart-1,property_190
gene_5,Chart-1,property_398
gene_5,Chart-1,property_37
gene_5,Chart-1,property_380
gene_5,Chart-1,property_434
gene_5,Chart-1,property_414
gene_6,Chart-1,property_423
gene_7,Chart-1,property_434
gene_7,Chart-1,property_435
gene_8,Chart-1,property_44
gene_9,Chart-1,property_45
gene_9,Chart-1,property_46
gene_9,Chart-1,property_434
gene_9,Chart-1,property_414
gene_9,Chart-1,property_407
gene_10,Chart-1,property_431
gene_10,Chart-1,property_398
gene_10,Chart-1,property_432
gene_10,Chart-1,property_433
gene_10,Chart-1,property_54
gene_10,Chart-1,property_434
gene_10,Chart-1,property_414
gene_10,Chart-1,property_435
gene_11,Chart-1,property_190
gene_11,Chart-1,property_423
gene_11,Chart-1,property_60
gene_11,Chart-1,property_434
gene_11,Chart-1,property_414
gene_11,Chart-1,property_435
gene_11,Chart-1,property_64
gene_11,Chart-1,property_65
gene_12,Chart-1,property_423
gene_12,Chart-1,property_67
gene_12,Chart-1,property_434
gene_12,Chart-1,property_435
gene_13,Chart-1,property_423
gene_13,Chart-1,property_398
gene_13,Chart-1,property_85
gene_13,Chart-1,property_73
gene_13,Chart-1,property_434
gene_13,Chart-1,property_435
gene_13,Chart-1,property_90
gene_14,Chart-1,property_398
gene_14,Chart-1,property_78
gene_14,Chart-1,property_414
gene_14,Chart-1,property_435
gene_15,Chart-1,property_81
gene_15,Chart-1,property_214
gene_15,Chart-1,property_83
gene_15,Chart-1,property_84
gene_15,Chart-1,property_85
gene_15,Chart-1,property_380
gene_15,Chart-1,property_434
gene_15,Chart-1,property_414
gene_15,Chart-1,property_89
gene_15,Chart-1,property_90
gene_15,Chart-1,property_417
gene_16,Chart-1,property_423
gene_16,Chart-1,property_398
gene_16,Chart-1,property_414
gene_16,Chart-1,property_435
gene_16,Chart-1,property_96
gene_16,Chart-1,property_97
gene_17,Chart-1,property_423
gene_17,Chart-1,property_435
gene_17,Chart-1,property_370
gene_18,Chart-1,property_423
gene_18,Chart-1,property_435
gene_19,Chart-1,property_427
gene_19,Chart-1,property_434
gene_19,Chart-1,property_314
gene_20,Chart-1,property_380
gene_20,Chart-1,property_434
gene_20,Chart-1,property_414
gene_20,Chart-1,property_435
gene_20,Chart-1,property_429
gene_21,Chart-1,property_408
gene_21,Chart-1,property_434
gene_21,Chart-1,property_414
gene_21,Chart-1,property_242
gene_21,Chart-1,property_417
gene_22,Chart-1,property_423
gene_22,Chart-1,property_380
gene_22,Chart-1,property_435
gene_22,Chart-1,property_282
gene_23,Chart-1,property_408
gene_23,Chart-1,property_434
gene_23,Chart-1,property_414
gene_23,Chart-1,property_417
gene_24,Chart-1,property_434
gene_25,Chart-1,property_435
gene_26,Chart-1,property_408
gene_26,Chart-1,property_423
gene_26,Chart-1,property_434
gene_26,Chart-1,property_435
gene_27,Chart-1,property_434
gene_27,Chart-1,property_429
gene_28,Chart-1,property_132
gene_28,Chart-1,property_434
gene_28,Chart-1,property_429
gene_29,Chart-1,property_423
gene_29,Chart-1,property_136
gene_29,Chart-1,property_434
gene_29,Chart-1,property_435
gene_29,Chart-1,property_242
gene_30,Chart-1,property_140
gene_30,Chart-1,property_423
gene_30,Chart-1,property_219
gene_30,Chart-1,property_143
gene_30,Chart-1,property_144
gene_30,Chart-1,property_435
gene_30,Chart-1,property_146
gene_31,Chart-1,property_190
gene_31,Chart-1,property_398
gene_31,Chart-1,property_149
gene_31,Chart-1,property_414
gene_31,Chart-1,property_224
gene_32,Chart-1,property_423
gene_32,Chart-1,property_434
gene_32,Chart-1,property_435
gene_32,Chart-1,property_155
gene_33,Chart-1,property_156
gene_33,Chart-1,property_423
gene_33,Chart-1,property_398
gene_33,Chart-1,property_159
gene_33,Chart-1,property_434
gene_33,Chart-1,property_414
gene_33,Chart-1,property_435
gene_33,Chart-1,property_163
gene_34,Chart-1,property_164
gene_34,Chart-1,property_165
gene_34,Chart-1,property_434
gene_34,Chart-1,property_242
gene_34,Chart-1,property_417
gene_35,Chart-1,property_408
gene_35,Chart-1,property_434
gene_35,Chart-1,property_242
gene_35,Chart-1,property_417
gene_36,Chart-1,property_434
gene_36,Chart-1,property_414
gene_36,Chart-1,property_435
gene_36,Chart-1,property_429
gene_37,Chart-1,property_423
gene_37,Chart-1,property_219
gene_37,Chart-1,property_398
gene_37,Chart-1,property_435
gene_37,Chart-1,property_242
gene_38,Chart-1,property_427
gene_38,Chart-1,property_423
gene_38,Chart-1,property_414
gene_38,Chart-1,property_435
gene_39,Chart-1,property_408
gene_39,Chart-1,property_423
gene_39,Chart-1,property_434
gene_39,Chart-1,property_242
gene_40,Chart-1,property_190
gene_40,Chart-1,property_423
gene_40,Chart-1,property_414
gene_40,Chart-1,property_435
gene_40,Chart-1,property_315
gene_41,Chart-1,property_423
gene_41,Chart-1,property_398
gene_41,Chart-1,property_201
gene_41,Chart-1,property_202
gene_42,Chart-1,property_423
gene_42,Chart-1,property_398
gene_42,Chart-1,property_201
gene_42,Chart-1,property_202
gene_42,Chart-1,property_435
gene_43,Chart-1,property_423
gene_43,Chart-1,property_434
gene_43,Chart-1,property_429
gene_44,Chart-1,property_423
gene_44,Chart-1,property_434
gene_44,Chart-1,property_429
gene_45,Chart-1,property_423
gene_45,Chart-1,property_435
gene_46,Chart-1,property_408
gene_46,Chart-1,property_427
gene_46,Chart-1,property_214
gene_46,Chart-1,property_423
gene_46,Chart-1,property_216
gene_46,Chart-1,property_434
gene_47,Chart-1,property_423
gene_47,Chart-1,property_219
gene_47,Chart-1,property_435
gene_48,Chart-1,property_398
gene_48,Chart-1,property_414
gene_48,Chart-1,property_435
gene_48,Chart-1,property_224
gene_48,Chart-1,property_315
gene_48,Chart-1,property_226
gene_48,Chart-1,property_227
gene_49,Chart-1,property_262
gene_49,Chart-1,property_434
gene_49,Chart-1,property_414
gene_49,Chart-1,property_435
gene_49,Chart-1,property_232
gene_49,Chart-1,property_417
gene_49,Chart-1,property_234
gene_49,Chart-1,property_235
gene_49,Chart-1,property_236
gene_49,Chart-1,property_237
gene_50,Chart-1,property_423
gene_50,Chart-1,property_398
gene_50,Chart-1,property_240
gene_50,Chart-1,property_435
gene_50,Chart-1,property_242
gene_51,Chart-1,property_423
gene_51,Chart-1,property_435
gene_52,Chart-1,property_423
gene_52,Chart-1,property_398
gene_52,Chart-1,property_434
gene_52,Chart-1,property_435
gene_52,Chart-1,property_429
gene_53,Chart-1,property_408
gene_53,Chart-1,property_262
gene_53,Chart-1,property_434
gene_53,Chart-1,property_414
gene_53,Chart-1,property_417
gene_54,Chart-1,property_408
gene_54,Chart-1,property_262
gene_54,Chart-1,property_434
gene_54,Chart-1,property_414
gene_54,Chart-1,property_435
gene_54,Chart-1,property_417
gene_55,Chart-1,property_408
gene_55,Chart-1,property_262
gene_55,Chart-1,property_434
gene_55,Chart-1,property_414
gene_55,Chart-1,property_417
gene_56,Chart-1,property_434
gene_56,Chart-1,property_435
gene_56,Chart-1,property_429
gene_57,Chart-1,property_423
gene_57,Chart-1,property_435
gene_58,Chart-1,property_434
gene_58,Chart-1,property_435
gene_58,Chart-1,property_429
gene_59,Chart-1,property_431
gene_59,Chart-1,property_432
gene_59,Chart-1,property_380
gene_59,Chart-1,property_433
gene_59,Chart-1,property_434
gene_59,Chart-1,property_435
gene_60,Chart-1,property_423
gene_60,Chart-1,property_398
gene_60,Chart-1,property_282
gene_61,Chart-1,property_398
gene_61,Chart-1,property_414
gene_61,Chart-1,property_285
gene_61,Chart-1,property_286
gene_62,Chart-1,property_431
gene_62,Chart-1,property_432
gene_62,Chart-1,property_433
gene_62,Chart-1,property_434
gene_62,Chart-1,property_435
gene_63,Chart-1,property_431
gene_63,Chart-1,property_432
gene_63,Chart-1,property_433
gene_63,Chart-1,property_434
gene_63,Chart-1,property_435
gene_64,Chart-1,property_431
gene_64,Chart-1,property_432
gene_64,Chart-1,property_433
gene_64,Chart-1,property_434
gene_64,Chart-1,property_435
gene_65,Chart-1,property_434
gene_65,Chart-1,property_414
gene_65,Chart-1,property_435
gene_65,Chart-1,property_417
gene_66,Chart-1,property_408
gene_66,Chart-1,property_434
gene_66,Chart-1,property_414
gene_66,Chart-1,property_435
gene_66,Chart-1,property_417
gene_67,Chart-1,property_427
gene_67,Chart-1,property_312
gene_67,Chart-1,property_434
gene_67,Chart-1,property_314
gene_68,Chart-1,property_315
gene_69,Chart-1,property_408
gene_69,Chart-1,property_434
gene_69,Chart-1,property_414
gene_69,Chart-1,property_429
gene_70,Chart-1,property_408
gene_70,Chart-1,property_434
gene_70,Chart-1,property_414
gene_70,Chart-1,property_417
gene_71,Chart-1,property_434
gene_72,Chart-1,property_408
gene_72,Chart-1,property_326
gene_72,Chart-1,property_434
gene_72,Chart-1,property_429
gene_72,Chart-1,property_417
gene_73,Chart-1,property_434
gene_73,Chart-1,property_435
gene_74,Chart-1,property_434
gene_74,Chart-1,property_429
gene_75,Chart-1,property_434
gene_75,Chart-1,property_435
gene_75,Chart-1,property_417
gene_76,Chart-1,property_434
gene_76,Chart-1,property_429
gene_77,Chart-1,property_434
gene_78,Chart-1,property_408
gene_78,Chart-1,property_423
gene_78,Chart-1,property_342
gene_78,Chart-1,property_343
gene_78,Chart-1,property_434
gene_78,Chart-1,property_414
gene_78,Chart-1,property_435
gene_78,Chart-1,property_417
gene_79,Chart-1,property_434
gene_79,Chart-1,property_414
gene_79,Chart-1,property_435
gene_79,Chart-1,property_429
gene_80,Chart-1,property_434
gene_80,Chart-1,property_414
gene_80,Chart-1,property_417
gene_81,Chart-1,property_423
gene_81,Chart-1,property_356
gene_81,Chart-1,property_357
gene_81,Chart-1,property_434
gene_81,Chart-1,property_435
gene_81,Chart-1,property_360
gene_81,Chart-1,property_417
gene_82,Chart-1,property_434
gene_82,Chart-1,property_414
gene_82,Chart-1,property_435
gene_83,Chart-1,property_365
gene_83,Chart-1,property_366
gene_83,Chart-1,property_367
gene_83,Chart-1,property_368
gene_83,Chart-1,property_435
gene_83,Chart-1,property_370
gene_83,Chart-1,property_371
gene_84,Chart-1,property_372
gene_84,Chart-1,property_423
gene_84,Chart-1,property_435
gene_85,Chart-1,property_434
gene_85,Chart-1,property_435
gene_85,Chart-1,property_429
gene_86,Chart-1,property_423
gene_86,Chart-1,property_398
gene_86,Chart-1,property_380
gene_86,Chart-1,property_434
gene_87,Chart-1,property_406
gene_87,Chart-1,property_407
gene_87,Chart-1,property_384
gene_88,Chart-1,property_423
gene_88,Chart-1,property_435
gene_89,Chart-1,property_398
gene_89,Chart-1,property_388
gene_90,Chart-1,property_397
gene_90,Chart-1,property_398
gene_90,Chart-1,property_434
gene_90,Chart-1,property_414
gene_90,Chart-1,property_435
gene_90,Chart-1,property_402
gene_90,Chart-1,property_417
gene_90,Chart-1,property_404
gene_91,Chart-1,property_397
gene_91,Chart-1,property_398
gene_91,Chart-1,property_434
gene_91,Chart-1,property_414
gene_91,Chart-1,property_435
gene_91,Chart-1,property_402
gene_91,Chart-1,property_417
gene_91,Chart-1,property_404
gene_92,Chart-1,property_423
gene_92,Chart-1,property_406
gene_92,Chart-1,property_407
gene_93,Chart-1,property_408
gene_93,Chart-1,property_434
gene_93,Chart-1,property_414
gene_93,Chart-1,property_417
gene_94,Chart-1,property_423
gene_94,Chart-1,property_434
gene_94,Chart-1,property_414
gene_94,Chart-1,property_435
gene_94,Chart-1,property_429
gene_94,Chart-1,property_417
gene_95,Chart-1,property_423
gene_95,Chart-1,property_434
gene_95,Chart-1,property_422
gene_96,Chart-1,property_434
gene_96,Chart-1,property_422
gene_97,Chart-1,property_423
gene_97,Chart-1,property_424
gene_97,Chart-1,property_435
gene_97,Chart-1,property_426
gene_98,Chart-1,property_427
gene_98,Chart-1,property_434
gene_98,Chart-1,property_429
gene_98,Chart-1,property_430
gene_99,Chart-1,property_431
gene_99,Chart-1,property_432
gene_99,Chart-1,property_433
gene_99,Chart-1,property_434
gene_99,Chart-1,property_435
gene_0,Chart-2,feature_339
gene_0,Chart-2,feature_1
gene_0,Chart-2,feature_201
gene_0,Chart-2,feature_3
gene_1,Chart-2,feature_322
gene_1,Chart-2,feature_5
gene_1,Chart-2,feature_316
gene_1,Chart-2,feature_324
gene_1,Chart-2,feature_325
gene_2,Chart-2,feature_347
gene_2,Chart-2,feature_10
gene_3,Chart-2,feature_339
gene_3,Chart-2,feature_354
gene_3,Chart-2,feature_13
gene_3,Chart-2,feature_145
gene_4,Chart-2,feature_206
gene_4,Chart-2,feature_354
gene_5,Chart-2,feature_17
gene_5,Chart-2,feature_322
gene_5,Chart-2,feature_299
gene_5,Chart-2,feature_294
gene_5,Chart-2,feature_347
gene_5,Chart-2,feature_22
gene_5,Chart-2,feature_354
gene_5,Chart-2,feature_277
gene_5,Chart-2,feature_352
gene_5,Chart-2,feature_336
gene_6,Chart-2,feature_27
gene_7,Chart-2,feature_206
gene_7,Chart-2,feature_29
gene_7,Chart-2,feature_354
gene_8,Chart-2,feature_31
gene_8,Chart-2,feature_354
gene_9,Chart-2,feature_327
gene_9,Chart-2,feature_328
gene_9,Chart-2,feature_354
gene_10,Chart-2,feature_354
gene_11,Chart-2,feature_37
gene_11,Chart-2,feature_230
gene_11,Chart-2,feature_39
gene_11,Chart-2,feature_40
gene_11,Chart-2,feature_354
gene_12,Chart-2,feature_42
gene_12,Chart-2,feature_206
gene_12,Chart-2,feature_44
gene_12,Chart-2,feature_316
gene_12,Chart-2,feature_212
gene_12,Chart-2,feature_352
gene_13,Chart-2,feature_206
gene_13,Chart-2,feature_49
gene_13,Chart-2,feature_316
gene_13,Chart-2,feature_51
gene_13,Chart-2,feature_52
gene_13,Chart-2,feature_53
gene_13,Chart-2,feature_54
gene_13,Chart-2,feature_354
gene_13,Chart-2,feature_229
gene_14,Chart-2,feature_354
gene_14,Chart-2,feature_186
gene_15,Chart-2,feature_354
gene_15,Chart-2,feature_60
gene_16,Chart-2,feature_332
gene_16,Chart-2,feature_62
gene_16,Chart-2,feature_63
gene_16,Chart-2,feature_64
gene_16,Chart-2,feature_354
gene_16,Chart-2,feature_66
gene_16,Chart-2,feature_209
gene_17,Chart-2,feature_68
gene_17,Chart-2,feature_69
gene_17,Chart-2,feature_70
gene_18,Chart-2,feature_322
gene_18,Chart-2,feature_299
gene_19,Chart-2,feature_346
gene_19,Chart-2,feature_354
gene_20,Chart-2,feature_322
gene_20,Chart-2,feature_299
gene_21,Chart-2,feature_354
gene_22,Chart-2,feature_322
gene_22,Chart-2,feature_299
gene_22,Chart-2,feature_265
gene_22,Chart-2,feature_332
gene_22,Chart-2,feature_354
gene_22,Chart-2,feature_277
gene_22,Chart-2,feature_336
gene_23,Chart-2,feature_284
gene_23,Chart-2,feature_86
gene_24,Chart-2,feature_88
gene_25,Chart-2,feature_88
gene_26,Chart-2,feature_354
gene_26,Chart-2,feature_345
gene_27,Chart-2,feature_322
gene_27,Chart-2,feature_299
gene_27,Chart-2,feature_265
gene_27,Chart-2,feature_354
gene_27,Chart-2,feature_277
gene_28,Chart-2,feature_332
gene_28,Chart-2,feature_354
gene_28,Chart-2,feature_335
gene_28,Chart-2,feature_99
gene_29,Chart-2,feature_284
gene_29,Chart-2,feature_316
gene_29,Chart-2,feature_102
gene_30,Chart-2,feature_322
gene_30,Chart-2,feature_299
gene_30,Chart-2,feature_265
gene_30,Chart-2,feature_354
gene_30,Chart-2,feature_277
gene_31,Chart-2,feature_230
gene_31,Chart-2,feature_173
gene_31,Chart-2,feature_316
gene_31,Chart-2,feature_111
gene_32,Chart-2,feature_197
gene_33,Chart-2,feature_196
gene_33,Chart-2,feature_114
gene_34,Chart-2,feature_322
gene_34,Chart-2,feature_299
gene_34,Chart-2,feature_332
gene_34,Chart-2,feature_354
gene_34,Chart-2,feature_277
gene_35,Chart-2,feature_322
gene_35,Chart-2,feature_121
gene_35,Chart-2,feature_336
gene_35,Chart-2,feature_209
gene_36,Chart-2,feature_354
gene_36,Chart-2,feature_125
gene_37,Chart-2,feature_322
gene_37,Chart-2,feature_316
gene_37,Chart-2,feature_323
gene_37,Chart-2,feature_324
gene_37,Chart-2,feature_325
gene_38,Chart-2,feature_168
gene_38,Chart-2,feature_354
gene_38,Chart-2,feature_133
gene_39,Chart-2,feature_134
gene_39,Chart-2,feature_354
gene_39,Chart-2,feature_136
gene_40,Chart-2,feature_230
gene_40,Chart-2,feature_173
gene_40,Chart-2,feature_139
gene_40,Chart-2,feature_316
gene_40,Chart-2,feature_141
gene_40,Chart-2,feature_142
gene_40,Chart-2,feature_354
gene_40,Chart-2,feature_144
gene_40,Chart-2,feature_145
gene_41,Chart-2,feature_151
gene_41,Chart-2,feature_322
gene_41,Chart-2,feature_154
gene_41,Chart-2,feature_156
gene_41,Chart-2,feature_316
gene_42,Chart-2,feature_151
gene_42,Chart-2,feature_322
gene_42,Chart-2,feature_299
gene_42,Chart-2,feature_154
gene_42,Chart-2,feature_163
gene_42,Chart-2,feature_156
gene_43,Chart-2,feature_307
gene_43,Chart-2,feature_158
gene_44,Chart-2,feature_303
gene_44,Chart-2,feature_304
gene_44,Chart-2,feature_354
gene_45,Chart-2,feature_322
gene_45,Chart-2,feature_163
gene_45,Chart-2,feature_164
gene_45,Chart-2,feature_186
gene_46,Chart-2,feature_230
gene_46,Chart-2,feature_332
gene_46,Chart-2,feature_168
gene_47,Chart-2,feature_169
gene_47,Chart-2,feature_322
gene_47,Chart-2,feature_299
gene_48,Chart-2,feature_230
gene_48,Chart-2,feature_173
gene_49,Chart-2,feature_354
gene_49,Chart-2,feature_337
gene_49,Chart-2,feature_176
gene_50,Chart-2,feature_322
gene_50,Chart-2,feature_289
gene_50,Chart-2,feature_316
gene_50,Chart-2,feature_323
gene_50,Chart-2,feature_324
gene_50,Chart-2,feature_325
gene_51,Chart-2,feature_183
gene_52,Chart-2,feature_184
gene_52,Chart-2,feature_212
gene_52,Chart-2,feature_186
gene_53,Chart-2,feature_187
gene_53,Chart-2,feature_188
gene_53,Chart-2,feature_354
gene_53,Chart-2,feature_190
gene_54,Chart-2,feature_332
gene_54,Chart-2,feature_336
gene_55,Chart-2,feature_332
gene_55,Chart-2,feature_336
gene_55,Chart-2,feature_195
gene_56,Chart-2,feature_196
gene_56,Chart-2,feature_197
gene_56,Chart-2,feature_198
gene_56,Chart-2,feature_199
gene_57,Chart-2,feature_200
gene_57,Chart-2,feature_201
gene_58,Chart-2,feature_322
gene_58,Chart-2,feature_299
gene_58,Chart-2,feature_354
gene_58,Chart-2,feature_277
gene_59,Chart-2,feature_206
gene_59,Chart-2,feature_207
gene_59,Chart-2,feature_284
gene_59,Chart-2,feature_209
gene_60,Chart-2,feature_303
gene_60,Chart-2,feature_304
gene_60,Chart-2,feature_212
gene_61,Chart-2,feature_213
gene_61,Chart-2,feature_214
gene_62,Chart-2,feature_354
gene_63,Chart-2,feature_354
gene_64,Chart-2,feature_354
gene_65,Chart-2,feature_322
gene_65,Chart-2,feature_299
gene_65,Chart-2,feature_265
gene_65,Chart-2,feature_354
gene_65,Chart-2,feature_277
gene_66,Chart-2,feature_322
gene_66,Chart-2,feature_299
gene_66,Chart-2,feature_354
gene_66,Chart-2,feature_277
gene_67,Chart-2,feature_346
gene_67,Chart-2,feature_354
gene_67,Chart-2,feature_229
gene_68,Chart-2,feature_230
gene_68,Chart-2,feature_231
gene_68,Chart-2,feature_232
gene_69,Chart-2,feature_322
gene_69,Chart-2,feature_299
gene_69,Chart-2,feature_354
gene_69,Chart-2,feature_277
gene_70,Chart-2,feature_322
gene_70,Chart-2,feature_299
gene_70,Chart-2,feature_265
gene_70,Chart-2,feature_354
gene_70,Chart-2,feature_277
gene_71,Chart-2,feature_322
gene_71,Chart-2,feature_299
gene_71,Chart-2,feature_300
gene_71,Chart-2,feature_245
gene_71,Chart-2,feature_332
gene_71,Chart-2,feature_277
gene_72,Chart-2,feature_322
gene_72,Chart-2,feature_299
gene_72,Chart-2,feature_265
gene_72,Chart-2,feature_347
gene_72,Chart-2,feature_354
gene_72,Chart-2,feature_277
gene_73,Chart-2,feature_322
gene_73,Chart-2,feature_299
gene_73,Chart-2,feature_354
gene_73,Chart-2,feature_277
gene_74,Chart-2,feature_322
gene_74,Chart-2,feature_299
gene_74,Chart-2,feature_347
gene_74,Chart-2,feature_354
gene_74,Chart-2,feature_277
gene_75,Chart-2,feature_322
gene_75,Chart-2,feature_299
gene_75,Chart-2,feature_265
gene_75,Chart-2,feature_330
gene_75,Chart-2,feature_347
gene_75,Chart-2,feature_277
gene_75,Chart-2,feature_337
gene_76,Chart-2,feature_322
gene_76,Chart-2,feature_299
gene_76,Chart-2,feature_354
gene_76,Chart-2,feature_277
gene_77,Chart-2,feature_322
gene_77,Chart-2,feature_299
gene_77,Chart-2,feature_354
gene_77,Chart-2,feature_277
gene_78,Chart-2,feature_347
gene_78,Chart-2,feature_279
gene_78,Chart-2,feature_352
gene_79,Chart-2,feature_303
gene_79,Chart-2,feature_304
gene_79,Chart-2,feature_348
gene_80,Chart-2,feature_284
gene_81,Chart-2,feature_297
gene_81,Chart-2,feature_286
gene_81,Chart-2,feature_287
gene_81,Chart-2,feature_322
gene_81,Chart-2,feature_289
gene_81,Chart-2,feature_332
gene_81,Chart-2,feature_291
gene_81,Chart-2,feature_354
gene_81,Chart-2,feature_293
gene_82,Chart-2,feature_294
gene_82,Chart-2,feature_295
gene_83,Chart-2,feature_296
gene_83,Chart-2,feature_297
gene_83,Chart-2,feature_322
gene_83,Chart-2,feature_299
gene_83,Chart-2,feature_300
gene_84,Chart-2,feature_301
gene_84,Chart-2,feature_345
gene_85,Chart-2,feature_303
gene_85,Chart-2,feature_304
gene_85,Chart-2,feature_332
gene_85,Chart-2,feature_354
gene_86,Chart-2,feature_307
gene_86,Chart-2,feature_316
gene_87,Chart-2,feature_328
gene_87,Chart-2,feature_354
gene_87,Chart-2,feature_335
gene_88,Chart-2,feature_312
gene_88,Chart-2,feature_344
gene_89,Chart-2,feature_322
gene_89,Chart-2,feature_347
gene_89,Chart-2,feature_316
gene_89,Chart-2,feature_317
gene_89,Chart-2,feature_318
gene_90,Chart-2,feature_322
gene_90,Chart-2,feature_324
gene_90,Chart-2,feature_325
gene_91,Chart-2,feature_322
gene_91,Chart-2,feature_323
gene_91,Chart-2,feature_324
gene_91,Chart-2,feature_325
gene_92,Chart-2,feature_326
gene_92,Chart-2,feature_327
gene_92,Chart-2,feature_328
gene_92,Chart-2,feature_354
gene_93,Chart-2,feature_330
gene_93,Chart-2,feature_346
gene_93,Chart-2,feature_332
gene_93,Chart-2,feature_333
gene_93,Chart-2,feature_354
gene_93,Chart-2,feature_335
gene_93,Chart-2,feature_336
gene_93,Chart-2,feature_337
gene_94,Chart-2,feature_348
gene_95,Chart-2,feature_339
gene_95,Chart-2,feature_344
gene_96,Chart-2,feature_341
gene_96,Chart-2,feature_350
gene_96,Chart-2,feature_354
gene_96,Chart-2,feature_344
gene_97,Chart-2,feature_345
gene_98,Chart-2,feature_346
gene_98,Chart-2,feature_347
gene_98,Chart-2,feature_348
gene_98,Chart-2,feature_349
gene_98,Chart-2,feature_350
gene_98,Chart-2,feature_354
gene_98,Chart-2,feature_352
gene_99,Chart-2,feature_353
gene_99,Chart-2,feature_354
gene_0,Chart-3,attribute_213
gene_0,Chart-3,attribute_411
gene_0,Chart-3,attribute_2
gene_1,Chart-3,attribute_3
gene_1,Chart-3,attribute_4
gene_1,Chart-3,attribute_5
gene_1,Chart-3,attribute_6
gene_1,Chart-3,attribute_49
gene_1,Chart-3,attribute_50
gene_1,Chart-3,attribute_522
gene_1,Chart-3,attribute_10
gene_1,Chart-3,attribute_11
gene_1,Chart-3,attribute_12
gene_1,Chart-3,attribute_13
gene_1,Chart-3,attribute_14
gene_1,Chart-3,attribute_503
gene_2,Chart-3,attribute_561
gene_2,Chart-3,attribute_562
gene_2,Chart-3,attribute_349
gene_2,Chart-3,attribute_564
gene_2,Chart-3,attribute_565
gene_2,Chart-3,attribute_566
gene_2,Chart-3,attribute_568
gene_2,Chart-3,attribute_571
gene_2,Chart-3,attribute_572
gene_2,Chart-3,attribute_359
gene_2,Chart-3,attribute_444
gene_2,Chart-3,attribute_574
gene_2,Chart-3,attribute_446
gene_3,Chart-3,attribute_29
gene_3,Chart-3,attribute_30
gene_3,Chart-3,attribute_31
gene_3,Chart-3,attribute_32
gene_3,Chart-3,attribute_527
gene_4,Chart-3,attribute_561
gene_4,Chart-3,attribute_562
gene_4,Chart-3,attribute_349
gene_4,Chart-3,attribute_564
gene_4,Chart-3,attribute_565
gene_4,Chart-3,attribute_566
gene_4,Chart-3,attribute_568
gene_4,Chart-3,attribute_571
gene_4,Chart-3,attribute_572
gene_4,Chart-3,attribute_359
gene_4,Chart-3,attribute_527
gene_4,Chart-3,attribute_444
gene_4,Chart-3,attribute_574
gene_4,Chart-3,attribute_446
gene_5,Chart-3,attribute_448
gene_5,Chart-3,attribute_49
gene_5,Chart-3,attribute_50
gene_5,Chart-3,attribute_51
gene_5,Chart-3,attribute_52
gene_5,Chart-3,attribute_53
gene_5,Chart-3,attribute_54
gene_5,Chart-3,attribute_55
gene_5,Chart-3,attribute_56
gene_5,Chart-3,attribute_57
gene_5,Chart-3,attribute_58
gene_5,Chart-3,attribute_59
gene_5,Chart-3,attribute_527
gene_5,Chart-3,attribute_233
gene_6,Chart-3,attribute_410
gene_7,Chart-3,attribute_393
gene_8,Chart-3,attribute_64
gene_9,Chart-3,attribute_527
gene_9,Chart-3,attribute_513
gene_10,Chart-3,attribute_67
gene_10,Chart-3,attribute_68
gene_10,Chart-3,attribute_349
gene_10,Chart-3,attribute_568
gene_10,Chart-3,attribute_570
gene_10,Chart-3,attribute_72
gene_10,Chart-3,attribute_571
gene_10,Chart-3,attribute_572
gene_10,Chart-3,attribute_359
gene_10,Chart-3,attribute_527
gene_10,Chart-3,attribute_574
gene_11,Chart-3,attribute_78
gene_11,Chart-3,attribute_527
gene_12,Chart-3,attribute_562
gene_12,Chart-3,attribute_81
gene_12,Chart-3,attribute_82
gene_13,Chart-3,attribute_220
gene_13,Chart-3,attribute_84
gene_13,Chart-3,attribute_85
gene_13,Chart-3,attribute_86
gene_13,Chart-3,attribute_126
gene_13,Chart-3,attribute_88
gene_13,Chart-3,attribute_570
gene_13,Chart-3,attribute_90
gene_13,Chart-3,attribute_91
gene_13,Chart-3,attribute_92
gene_13,Chart-3,attribute_93
gene_13,Chart-3,attribute_94
gene_13,Chart-3,attribute_95
gene_14,Chart-3,attribute_375
gene_15,Chart-3,attribute_387
gene_15,Chart-3,attribute_98
gene_15,Chart-3,attribute_99
gene_16,Chart-3,attribute_100
gene_16,Chart-3,attribute_101
gene_16,Chart-3,attribute_102
gene_16,Chart-3,attribute_103
gene_16,Chart-3,attribute_104
gene_17,Chart-3,attribute_447
gene_17,Chart-3,attribute_106
gene_17,Chart-3,attribute_451
gene_18,Chart-3,attribute_552
gene_18,Chart-3,attribute_393
gene_19,Chart-3,attribute_110
gene_19,Chart-3,attribute_553
gene_19,Chart-3,attribute_555
gene_19,Chart-3,attribute_558
gene_19,Chart-3,attribute_373
gene_19,Chart-3,attribute_559
gene_20,Chart-3,attribute_116
gene_20,Chart-3,attribute_413
gene_20,Chart-3,attribute_524
gene_20,Chart-3,attribute_527
gene_21,Chart-3,attribute_517
gene_21,Chart-3,attribute_522
gene_21,Chart-3,attribute_551
gene_21,Chart-3,attribute_527
gene_22,Chart-3,attribute_124
gene_22,Chart-3,attribute_564
gene_22,Chart-3,attribute_126
gene_22,Chart-3,attribute_527
gene_22,Chart-3,attribute_430
gene_23,Chart-3,attribute_516
gene_23,Chart-3,attribute_517
gene_23,Chart-3,attribute_131
gene_23,Chart-3,attribute_519
gene_23,Chart-3,attribute_522
gene_23,Chart-3,attribute_134
gene_23,Chart-3,attribute_551
gene_23,Chart-3,attribute_527
gene_24,Chart-3,attribute_138
gene_25,Chart-3,attribute_138
gene_26,Chart-3,attribute_517
gene_26,Chart-3,attribute_519
gene_26,Chart-3,attribute_150
gene_27,Chart-3,attribute_518
gene_27,Chart-3,attribute_527
gene_28,Chart-3,attribute_144
gene_28,Chart-3,attribute_556
gene_28,Chart-3,attribute_525
gene_29,Chart-3,attribute_553
gene_29,Chart-3,attribute_522
gene_29,Chart-3,attribute_387
gene_29,Chart-3,attribute_150
gene_29,Chart-3,attribute_551
gene_30,Chart-3,attribute_152
gene_30,Chart-3,attribute_153
gene_30,Chart-3,attribute_463
gene_30,Chart-3,attribute_219
gene_30,Chart-3,attribute_156
gene_31,Chart-3,attribute_157
gene_31,Chart-3,attribute_158
gene_31,Chart-3,attribute_159
gene_31,Chart-3,attribute_442
gene_32,Chart-3,attribute_517
gene_32,Chart-3,attribute_552
gene_32,Chart-3,attribute_311
gene_33,Chart-3,attribute_164
gene_33,Chart-3,attribute_165
gene_33,Chart-3,attribute_166
gene_33,Chart-3,attribute_167
gene_34,Chart-3,attribute_522
gene_34,Chart-3,attribute_387
gene_34,Chart-3,attribute_170
gene_35,Chart-3,attribute_522
gene_35,Chart-3,attribute_172
gene_35,Chart-3,attribute_551
gene_35,Chart-3,attribute_174
gene_35,Chart-3,attribute_175
gene_36,Chart-3,attribute_394
gene_36,Chart-3,attribute_555
gene_36,Chart-3,attribute_556
gene_36,Chart-3,attribute_525
gene_36,Chart-3,attribute_285
gene_36,Chart-3,attribute_410
gene_36,Chart-3,attribute_411
gene_37,Chart-3,attribute_522
gene_37,Chart-3,attribute_387
gene_37,Chart-3,attribute_185
gene_37,Chart-3,attribute_503
gene_38,Chart-3,attribute_287
gene_38,Chart-3,attribute_293
gene_38,Chart-3,attribute_223
gene_38,Chart-3,attribute_190
gene_38,Chart-3,attribute_191
gene_38,Chart-3,attribute_559
gene_38,Chart-3,attribute_546
gene_38,Chart-3,attribute_194
gene_39,Chart-3,attribute_387
gene_39,Chart-3,attribute_411
gene_39,Chart-3,attribute_271
gene_40,Chart-3,attribute_421
gene_40,Chart-3,attribute_199
gene_40,Chart-3,attribute_477
gene_40,Chart-3,attribute_233
gene_41,Chart-3,attribute_204
gene_41,Chart-3,attribute_205
gene_42,Chart-3,attribute_204
gene_42,Chart-3,attribute_205
gene_43,Chart-3,attribute_394
gene_43,Chart-3,attribute_207
gene_43,Chart-3,attribute_525
gene_44,Chart-3,attribute_394
gene_44,Chart-3,attribute_525
gene_44,Chart-3,attribute_258
gene_44,Chart-3,attribute_527
gene_45,Chart-3,attribute_213
gene_45,Chart-3,attribute_525
gene_45,Chart-3,attribute_258
gene_45,Chart-3,attribute_216
gene_45,Chart-3,attribute_527
gene_45,Chart-3,attribute_218
gene_45,Chart-3,attribute_219
gene_46,Chart-3,attribute_220
gene_46,Chart-3,attribute_242
gene_46,Chart-3,attribute_457
gene_46,Chart-3,attribute_223
gene_46,Chart-3,attribute_271
gene_46,Chart-3,attribute_527
gene_46,Chart-3,attribute_558
gene_46,Chart-3,attribute_373
gene_46,Chart-3,attribute_559
gene_47,Chart-3,attribute_547
gene_47,Chart-3,attribute_387
gene_47,Chart-3,attribute_231
gene_48,Chart-3,attribute_451
gene_48,Chart-3,attribute_233
gene_49,Chart-3,attribute_274
gene_49,Chart-3,attribute_555
gene_49,Chart-3,attribute_522
gene_49,Chart-3,attribute_387
gene_49,Chart-3,attribute_238
gene_49,Chart-3,attribute_239
gene_49,Chart-3,attribute_281
gene_49,Chart-3,attribute_241
gene_50,Chart-3,attribute_242
gene_50,Chart-3,attribute_457
gene_50,Chart-3,attribute_522
gene_50,Chart-3,attribute_387
gene_50,Chart-3,attribute_246
gene_50,Chart-3,attribute_310
gene_50,Chart-3,attribute_503
gene_50,Chart-3,attribute_249
gene_51,Chart-3,attribute_307
gene_52,Chart-3,attribute_394
gene_52,Chart-3,attribute_307
gene_52,Chart-3,attribute_510
gene_52,Chart-3,attribute_554
gene_52,Chart-3,attribute_555
gene_52,Chart-3,attribute_556
gene_52,Chart-3,attribute_525
gene_52,Chart-3,attribute_258
gene_52,Chart-3,attribute_527
gene_53,Chart-3,attribute_274
gene_53,Chart-3,attribute_261
gene_53,Chart-3,attribute_522
gene_53,Chart-3,attribute_506
gene_53,Chart-3,attribute_264
gene_53,Chart-3,attribute_411
gene_53,Chart-3,attribute_527
gene_53,Chart-3,attribute_267
gene_53,Chart-3,attribute_281
gene_54,Chart-3,attribute_274
gene_54,Chart-3,attribute_522
gene_54,Chart-3,attribute_271
gene_54,Chart-3,attribute_527
gene_54,Chart-3,attribute_281
gene_55,Chart-3,attribute_274
gene_55,Chart-3,attribute_516
gene_55,Chart-3,attribute_517
gene_55,Chart-3,attribute_519
gene_55,Chart-3,attribute_522
gene_55,Chart-3,attribute_279
gene_55,Chart-3,attribute_527
gene_55,Chart-3,attribute_281
gene_56,Chart-3,attribute_282
gene_56,Chart-3,attribute_554
gene_56,Chart-3,attribute_556
gene_56,Chart-3,attribute_285
gene_56,Chart-3,attribute_411
gene_57,Chart-3,attribute_287
gene_57,Chart-3,attribute_522
gene_58,Chart-3,attribute_554
gene_58,Chart-3,attribute_556
gene_58,Chart-3,attribute_525
gene_59,Chart-3,attribute_562
gene_59,Chart-3,attribute_293
gene_59,Chart-3,attribute_563
gene_59,Chart-3,attribute_349
gene_59,Chart-3,attribute_539
gene_59,Chart-3,attribute_564
gene_59,Chart-3,attribute_565
gene_59,Chart-3,attribute_566
gene_59,Chart-3,attribute_567
gene_59,Chart-3,attribute_569
gene_59,Chart-3,attribute_570
gene_59,Chart-3,attribute_571
gene_59,Chart-3,attribute_572
gene_59,Chart-3,attribute_359
gene_59,Chart-3,attribute_573
gene_60,Chart-3,attribute_307
gene_61,Chart-3,attribute_308
gene_61,Chart-3,attribute_309
gene_61,Chart-3,attribute_310
gene_61,Chart-3,attribute_311
gene_61,Chart-3,attribute_411
gene_61,Chart-3,attribute_313
gene_61,Chart-3,attribute_314
gene_62,Chart-3,attribute_560
gene_62,Chart-3,attribute_561
gene_62,Chart-3,attribute_562
gene_62,Chart-3,attribute_563
gene_62,Chart-3,attribute_349
gene_62,Chart-3,attribute_564
gene_62,Chart-3,attribute_565
gene_62,Chart-3,attribute_566
gene_62,Chart-3,attribute_567
gene_62,Chart-3,attribute_568
gene_62,Chart-3,attribute_569
gene_62,Chart-3,attribute_570
gene_62,Chart-3,attribute_571
gene_62,Chart-3,attribute_572
gene_62,Chart-3,attribute_574
gene_63,Chart-3,attribute_561
gene_63,Chart-3,attribute_562
gene_63,Chart-3,attribute_563
gene_63,Chart-3,attribute_349
gene_63,Chart-3,attribute_564
gene_63,Chart-3,attribute_565
gene_63,Chart-3,attribute_566
gene_63,Chart-3,attribute_567
gene_63,Chart-3,attribute_568
gene_63,Chart-3,attribute_569
gene_63,Chart-3,attribute_570
gene_63,Chart-3,attribute_571
gene_63,Chart-3,attribute_572
gene_63,Chart-3,attribute_359
gene_63,Chart-3,attribute_444
gene_63,Chart-3,attribute_574
gene_63,Chart-3,attribute_446
gene_64,Chart-3,attribute_562
gene_64,Chart-3,attribute_563
gene_64,Chart-3,attribute_349
gene_64,Chart-3,attribute_539
gene_64,Chart-3,attribute_564
gene_64,Chart-3,attribute_566
gene_64,Chart-3,attribute_567
gene_64,Chart-3,attribute_568
gene_64,Chart-3,attribute_569
gene_64,Chart-3,attribute_570
gene_64,Chart-3,attribute_571
gene_64,Chart-3,attribute_572
gene_64,Chart-3,attribute_359
gene_64,Chart-3,attribute_444
gene_64,Chart-3,attribute_574
gene_64,Chart-3,attribute_446
gene_65,Chart-3,attribute_522
gene_65,Chart-3,attribute_387
gene_65,Chart-3,attribute_527
gene_66,Chart-3,attribute_516
gene_66,Chart-3,attribute_517
gene_66,Chart-3,attribute_519
gene_66,Chart-3,attribute_522
gene_66,Chart-3,attribute_527
gene_67,Chart-3,attribute_553
gene_67,Chart-3,attribute_558
gene_67,Chart-3,attribute_373
gene_67,Chart-3,attribute_559
gene_68,Chart-3,attribute_375
gene_69,Chart-3,attribute_394
gene_69,Chart-3,attribute_555
gene_69,Chart-3,attribute_524
gene_70,Chart-3,attribute_516
gene_70,Chart-3,attribute_517
gene_70,Chart-3,attribute_519
gene_70,Chart-3,attribute_522
gene_70,Chart-3,attribute_383
gene_71,Chart-3,attribute_556
gene_72,Chart-3,attribute_556
gene_72,Chart-3,attribute_522
gene_72,Chart-3,attribute_387
gene_72,Chart-3,attribute_525
gene_72,Chart-3,attribute_551
gene_72,Chart-3,attribute_527
gene_72,Chart-3,attribute_391
gene_73,Chart-3,attribute_556
gene_73,Chart-3,attribute_393
gene_74,Chart-3,attribute_394
gene_74,Chart-3,attribute_554
gene_74,Chart-3,attribute_556
gene_74,Chart-3,attribute_527
gene_75,Chart-3,attribute_522
gene_75,Chart-3,attribute_527
gene_76,Chart-3,attribute_524
gene_76,Chart-3,attribute_527
gene_77,Chart-3,attribute_554
gene_77,Chart-3,attribute_556
gene_77,Chart-3,attribute_525
gene_78,Chart-3,attribute_516
gene_78,Chart-3,attribute_517
gene_78,Chart-3,attribute_519
gene_78,Chart-3,attribute_522
gene_78,Chart-3,attribute_551
gene_78,Chart-3,attribute_410
gene_78,Chart-3,attribute_411
gene_78,Chart-3,attribute_527
gene_79,Chart-3,attribute_413
gene_79,Chart-3,attribute_526
gene_80,Chart-3,attribute_516
gene_80,Chart-3,attribute_517
gene_80,Chart-3,attribute_519
gene_80,Chart-3,attribute_522
gene_81,Chart-3,attribute_419
gene_81,Chart-3,attribute_420
gene_81,Chart-3,attribute_421
gene_81,Chart-3,attribute_522
gene_81,Chart-3,attribute_423
gene_81,Chart-3,attribute_424
gene_81,Chart-3,attribute_425
gene_81,Chart-3,attribute_453
gene_81,Chart-3,attribute_527
gene_81,Chart-3,attribute_428
gene_81,Chart-3,attribute_429
gene_81,Chart-3,attribute_430
gene_81,Chart-3,attribute_431
gene_81,Chart-3,attribute_514
gene_82,Chart-3,attribute_433
gene_82,Chart-3,attribute_434
gene_82,Chart-3,attribute_435
gene_82,Chart-3,attribute_511
gene_82,Chart-3,attribute_437
gene_82,Chart-3,attribute_438
gene_82,Chart-3,attribute_439
gene_82,Chart-3,attribute_572
gene_82,Chart-3,attribute_527
gene_82,Chart-3,attribute_442
gene_82,Chart-3,attribute_443
gene_82,Chart-3,attribute_444
gene_82,Chart-3,attribute_574
gene_82,Chart-3,attribute_446
gene_83,Chart-3,attribute_447
gene_83,Chart-3,attribute_448
gene_83,Chart-3,attribute_449
gene_83,Chart-3,attribute_450
gene_83,Chart-3,attribute_451
gene_83,Chart-3,attribute_477
gene_83,Chart-3,attribute_453
gene_83,Chart-3,attribute_527
gene_84,Chart-3,attribute_455
gene_84,Chart-3,attribute_456
gene_84,Chart-3,attribute_457
gene_84,Chart-3,attribute_458
gene_84,Chart-3,attribute_459
gene_84,Chart-3,attribute_460
gene_84,Chart-3,attribute_525
gene_85,Chart-3,attribute_556
gene_85,Chart-3,attribute_463
gene_85,Chart-3,attribute_526
gene_86,Chart-3,attribute_465
gene_86,Chart-3,attribute_466
gene_86,Chart-3,attribute_525
gene_86,Chart-3,attribute_526
gene_86,Chart-3,attribute_527
gene_87,Chart-3,attribute_509
gene_87,Chart-3,attribute_510
gene_87,Chart-3,attribute_511
gene_87,Chart-3,attribute_473
gene_87,Chart-3,attribute_527
gene_87,Chart-3,attribute_513
gene_87,Chart-3,attribute_514
gene_88,Chart-3,attribute_477
gene_88,Chart-3,attribute_527
gene_89,Chart-3,attribute_479
gene_89,Chart-3,attribute_480
gene_89,Chart-3,attribute_481
gene_89,Chart-3,attribute_482
gene_89,Chart-3,attribute_483
gene_90,Chart-3,attribute_497
gene_90,Chart-3,attribute_485
gene_90,Chart-3,attribute_498
gene_90,Chart-3,attribute_522
gene_90,Chart-3,attribute_500
gene_90,Chart-3,attribute_501
gene_90,Chart-3,attribute_502
gene_90,Chart-3,attribute_503
gene_90,Chart-3,attribute_504
gene_90,Chart-3,attribute_505
gene_90,Chart-3,attribute_506
gene_90,Chart-3,attribute_507
gene_90,Chart-3,attribute_508
gene_91,Chart-3,attribute_497
gene_91,Chart-3,attribute_498
gene_91,Chart-3,attribute_522
gene_91,Chart-3,attribute_500
gene_91,Chart-3,attribute_501
gene_91,Chart-3,attribute_502
gene_91,Chart-3,attribute_503
gene_91,Chart-3,attribute_504
gene_91,Chart-3,attribute_505
gene_91,Chart-3,attribute_506
gene_91,Chart-3,attribute_507
gene_91,Chart-3,attribute_508
gene_92,Chart-3,attribute_509
gene_92,Chart-3,attribute_510
gene_92,Chart-3,attribute_511
gene_92,Chart-3,attribute_527
gene_92,Chart-3,attribute_513
gene_92,Chart-3,attribute_514
gene_93,Chart-3,attribute_515
gene_93,Chart-3,attribute_516
gene_93,Chart-3,attribute_517
gene_93,Chart-3,attribute_518
gene_93,Chart-3,attribute_519
gene_93,Chart-3,attribute_522
gene_93,Chart-3,attribute_527
gene_94,Chart-3,attribute_522
gene_94,Chart-3,attribute_523
gene_94,Chart-3,attribute_524
gene_94,Chart-3,attribute_525
gene_94,Chart-3,attribute_526
gene_94,Chart-3,attribute_527
gene_95,Chart-3,attribute_537
gene_95,Chart-3,attribute_538
gene_95,Chart-3,attribute_539
gene_95,Chart-3,attribute_565
gene_95,Chart-3,attribute_541
gene_95,Chart-3,attribute_542
gene_95,Chart-3,attribute_566
gene_95,Chart-3,attribute_544
gene_95,Chart-3,attribute_545
gene_96,Chart-3,attribute_537
gene_96,Chart-3,attribute_538
gene_96,Chart-3,attribute_539
gene_96,Chart-3,attribute_565
gene_96,Chart-3,attribute_541
gene_96,Chart-3,attribute_542
gene_96,Chart-3,attribute_566
gene_96,Chart-3,attribute_544
gene_96,Chart-3,attribute_545
gene_96,Chart-3,attribute_546
gene_97,Chart-3,attribute_547
gene_97,Chart-3,attribute_548
gene_97,Chart-3,attribute_549
gene_97,Chart-3,attribute_550
gene_97,Chart-3,attribute_551
gene_97,Chart-3,attribute_552
gene_98,Chart-3,attribute_553
gene_98,Chart-3,attribute_554
gene_98,Chart-3,attribute_555
gene_98,Chart-3,attribute_556
gene_98,Chart-3,attribute_557
gene_98,Chart-3,attribute_558
gene_98,Chart-3,attribute_559
gene_99,Chart-3,attribute_560
gene_99,Chart-3,attribute_561
gene_99,Chart-3,attribute_562
gene_99,Chart-3,attribute_563
gene_99,Chart-3,attribute_564
gene_99,Chart-3,attribute_565
gene_99,Chart-3,attribute_566
gene_99,Chart-3,attribute_567
gene_99,Chart-3,attribute_568
gene_99,Chart-3,attribute_569
gene_99,Chart-3,attribute_570
gene_99,Chart-3,attribute_571
gene_99,Chart-3,attribute_572
gene_99,Chart-3,attribute_573
gene_99,Chart-3,attribute_574
